customer_id,name,age,gender,location
1,Rochelle Attaway,49,Other,Victoria
2,Odey Broadley,28,Male,Malasugui
3,Clemence Bell,44,Female,Mancagahar
4,Darelle Donnell,25,Other,Trondheim
5,Twyla Leechman,46,Other,Amarete
6,Riccardo McCann,28,Other,Jeffersonville
7,Mic Baudassi,59,Male,Budapest
8,Dare Dood,58,Other,Zonghan
9,Judd Sand,41,Female,Esperalvillo
10,Bette Jouaneton,61,Female,Lamphun
11,Kelsy Akehurst,30,Other,Zhangdian
12,Renata Cases,23,Male,Jindu
13,Aloin Saw,19,Other,Mogok
14,Con Lowbridge,22,Male,Zhongdeng
15,Geneva McGonigle,62,Male,Gaplokan
16,Fianna Stancer,40,Male,Tegalgunung
17,Helaine Drummer,36,Male,Huallanca
18,Korey Arnely,60,Female,Īz̄eh
19,Darcey Uccelli,21,Male,Cervantes
20,Genny Cartner,19,Female,Dayu
21,Helge Yarrow,50,Male,Cabugao
22,Merl Waycott,65,Female,Renliu
23,Kiel Twopenny,26,Female,Izazi
24,Sylvan Avramovsky,42,Other,Mandeni
25,Joy Tillard,36,Other,San José del Guaviare
26,Zerk Kirkebye,24,Female,Miskolc
27,Arthur Dwire,50,Male,Melíssi
28,Earle Lidgett,38,Other,Gayamsari
29,Addison Malser,32,Female,Lyuboml’
30,Bill Dimsdale,63,Female,Neyvo-Rudyanka
31,Astrix Splaven,43,Male,Bitin
32,Guilbert Vittori,46,Male,Chengnan
33,Julee Van den Oord,42,Male,Zaječí
34,Layney Durbyn,56,Male,Tembeling
35,Bertha Gaunt,39,Male,Segezha
36,Carin Roots,55,Male,Isiolo
37,Sindee Vowden,45,Male,Pantaibesar
38,Kipp Dilleway,56,Other,Bayt ‘Awwā
39,Dylan Benoy,27,Male,Jixing
40,Delores Hovel,46,Male,Tongyu
41,Caressa Mahody,50,Other,Ushi
42,Torey Batteson,31,Female,Yunluo
43,Petey Gasking,30,Female,Luna
44,Harman Gilbane,47,Male,Samashki
45,Gregorio Stuckey,47,Male,Kobeřice
46,Paddy Mariner,31,Male,Copán
47,Shamus Gallo,52,Male,Jiuxian
48,Bat Routhorn,18,Male,Likiep
49,Gisela Towle,51,Other,Aloja
50,Marcille Ladbury,55,Male,Ārt Khwājah
51,Abigail Peach,57,Male,Ilinden
52,Beckie Langwade,65,Female,Haurpanggung
53,Andy Kline,63,Other,Bendilwungu Lor
54,Peg Dallewater,49,Female,Alajuela
55,Rodie Maskrey,56,Other,Hollola
56,Lezlie Benyan,33,Male,Poções
57,Inger Wilse,28,Female,Nanshui
58,Isabelle Belfrage,20,Male,Zevenaar
59,Derrek Petrenko,65,Other,Bicas
60,My Selley,29,Other,Sekartaji
61,Rudy Brader,47,Other,Krasnokuts’k
62,Clementius Stafford,39,Male,Tangjian
63,Stacy Roalfe,42,Other,Huangxikou
64,Shana Spadari,35,Male,Jinqu
65,Tory Roark,59,Female,Petrolera
66,Marianna Roxbrough,55,Female,Rengat
67,Bink Gulberg,32,Female,Manggissari
68,Griffy Ballantyne,64,Female,Monte Branco
69,Pippy Booker,35,Female,Trieste
70,Tyler Connelly,58,Male,Turze Pole
71,Aldo Seid,21,Female,Homa Bay
72,Albertina Dobbie,55,Female,Togitsu
73,Vale McCandless,53,Male,Mancagahar
74,Frazer Scotchmor,41,Male,Samagaltay
75,Gusta Kneal,32,Other,San Mariano
76,Ganny Opdenort,44,Other,Luokeng
77,Alain Tooth,31,Female,Kemendung
78,Rolando Perchard,54,Other,El Nido
79,Fern Braunthal,27,Other,Mogi Mirim
80,Neville Gerin,48,Male,Siqiao
81,Reagen Onslow,54,Female,Bangassou
82,Margaret Brokenshire,53,Other,Itapuí
83,Terza Keenleyside,65,Female,Kut Chap
84,Thane Seedhouse,28,Other,Olyka
85,Mose Sherme,62,Male,Piru
86,Vinni Scudders,29,Other,Libmanan
87,Joseph Kapiloff,42,Other,Abengourou
88,Kirk Santacrole,21,Male,New York City
89,Jeromy Merit,54,Female,Resapombo
90,Rhody McQuin,48,Other,Kiuruvesi
91,Sunny Sturgess,62,Other,Bajiao
92,Maure Seares,49,Male,Talisay
93,Obed McCathie,55,Male,Villa Ocampo
94,Brietta Pappin,60,Male,Hollywood
95,Jaclyn Algate,21,Female,Delgermörön
96,Ingamar Balcombe,62,Male,Yukou
97,Shandra Rundall,57,Other,Helsingborg
98,Boris Stanistreet,20,Male,Citambal
99,Harald Dunnet,32,Male,Isojoki
100,Putnem Attwill,39,Other,Telhado
101,Adel Baxandall,32,Other,Vila Nova de Milfontes
102,Udell Crusham,48,Other,Mātli
103,Ardene Briance,30,Male,Saskylakh
104,Berenice Rumbold,29,Female,Katiola
105,Ferd Stonbridge,43,Male,Taoyuan
106,Gus Westover,24,Other,Rivas
107,Myrtie Stonestreet,55,Male,Baddomalhi
108,Adrian Kemwal,29,Male,Rājshāhi
109,Aurore Poad,47,Other,Boafeo
110,Concettina Weson,33,Female,Malishka
111,Ber Agirre,65,Male,Al Jumūm
112,Kimbell Busfield,30,Female,Boskovice
113,Melloney McGreil,32,Female,Frashër
114,Reed Challice,50,Male,Holguín
115,Currey Bembrick,23,Male,Calanogas
116,Kathi Towll,34,Male,Honolulu
117,Corney Lloyd-Williams,56,Male,Yevlakh
118,Damiano Muckleston,42,Female,Xindu
119,Reagan Coulling,59,Female,Solţānābād
120,Kasper Trevance,33,Other,Ouango
121,Diena McQuilliam,59,Other,Şaḩneh
122,Lind Baldacco,56,Female,Lopar
123,Genny Reddington,27,Male,Yunyan
124,Olenolin Mousley,43,Other,Talisay
125,Helaina Terzza,30,Female,Cagdianao
126,Raul Nell,29,Other,Putrajaya
127,Evvie Ellen,31,Male,Yangzhen
128,Harcourt Braznell,63,Female,Zdenci
129,Kimberly Martini,36,Other,Warungawi
130,Beret Neesham,65,Female,Shimonoseki
131,Warren Hordell,31,Male,Sharga
132,Lina Willimot,54,Other,Kishiwada
133,Serene Heinemann,53,Other,Bobigny
134,Townsend Champney,34,Other,Lianzhu
135,Ingrid Lohden,52,Female,Timurjaya
136,Aileen Dumpleton,29,Male,Haduohe
137,Bernadene Willbourne,45,Male,Maras
138,Chris Richel,28,Female,Flagstaff
139,Peder Rentz,59,Other,Panyingkiran
140,Teresita Furnival,63,Male,Entradas
141,Lydon Petrosian,36,Female,Tân Hưng
142,Sheridan Duny,36,Male,Tashla
143,Ronnie Nijs,62,Male,Combita
144,Rudolph Lester,28,Male,Bogorejo
145,Katinka Samsin,48,Male,Ḩabīl ar Raydah
146,Harmonie Brameld,36,Other,Huangcun
147,Umeko Carrett,55,Other,Ngudu
148,Garland Motton,55,Male,Bamnet Narong
149,Robinet Wiseman,49,Female,Xigou
150,Evyn O'Sherrin,50,Male,Krabi
151,Mame Dumbelton,18,Female,Kitapak
152,Carry Izaac,57,Male,Shanmuqiao
153,Veronike Prydie,30,Female,Candelária
154,Julietta Calderon,43,Female,Gucheng
155,Pietrek Charette,28,Other,Santa Cruz
156,Courtnay Snarr,28,Other,Guxi
157,Zachariah Iskowicz,62,Female,Montes Velhos
158,Kennett Leppington,19,Male,Ollachea
159,Germaine O'Hallagan,65,Female,La Loma
160,Barnie Febry,18,Other,Berlin
161,Katharine Pedroli,23,Male,Rokitno
162,Cosmo Rosiello,23,Other,Karanganyar
163,Cart Voden,22,Other,Yenagoa
164,Egbert Dank,21,Other,Medicine Hat
165,Haily Kiernan,28,Male,Timashëvsk
166,Tamera Jendrach,20,Female,Tetyushi
167,Tabbie Briskey,41,Female,Mabay
168,Mireille Fetherstone,49,Male,Épinal
169,Clywd Hyndes,65,Male,Rungis
170,Cassie Doul,64,Male,Ulster Spring
171,Charita Grishukhin,54,Female,Houmt Souk
172,Jeddy Ranshaw,41,Male,Jiangyin
173,Zeke Newbury,42,Other,Stefanavíkion
174,Nap Haslegrave,63,Other,Gandara
175,Pate Iveagh,24,Male,Spétses
176,Peder Stallybrass,21,Female,Zhongping
177,Revkah Rigge,20,Female,Siayan
178,Stavros Woolard,64,Other,Fagatogo
179,Viviyan Kubat,44,Male,Krajan Kedungsalam
180,Rennie Haversum,41,Female,Langarūd
181,Marleah Carneck,59,Other,Lucheng
182,Elisa Deners,60,Male,Lyon
183,Quintus Tesche,35,Other,Extrema
184,Cesar Brabon,32,Other,Olhão
185,Consolata Karadzas,42,Other,Ḩammām Wāşil
186,Gregoor Harland,40,Male,Yunxi
187,Becka Ferneyhough,25,Male,Trang
188,Ingaborg Beernaert,25,Other,Hotonj
189,Dannel Keirl,63,Female,Xingfu
190,Sherill Weber,52,Female,Gandara
191,Delphine Coggill,62,Male,Anping
192,Cointon Redler,21,Other,Ballymun
193,Jarad Mellanby,52,Male,Chornukhy
194,Moe Wyllcock,31,Other,Labney
195,Penelopa Edghinn,19,Female,Niort
196,Jodi Cocking,19,Other,Rouen
197,Janet Elener,18,Other,Besançon
198,Jillie Limeburner,51,Female,Casal do Sapo
199,Jerry Bassilashvili,56,Other,Skuratovskiy
200,Danny Pagel,23,Female,Phanom Phrai
201,Sophi Pibworth,30,Female,Nizhnyaya Maktama
202,Lynsey Josefsohn,58,Other,Santa Marcela
203,Lucila Ryce,63,Female,Higashine
204,Jarred Spinage,31,Male,Beidajie
205,Gerri Anan,29,Male,Brooklyn
206,Kathrine O'Towey,50,Female,Karangsari
207,Zebulen Vitler,18,Other,Buan
208,Hewitt Dellenbach,59,Female,Madette
209,Kevon Josefsohn,21,Female,Trâu Quỳ
210,Catherin Ketchen,54,Other,Luodian
211,Tory Mc Andrew,63,Female,Mellila
212,Gertruda Fuggle,21,Female,Kuantan
213,Caron Karim,19,Male,Baima
214,Brinna Divall,48,Other,Mogi Guaçu
215,Renate Ranken,32,Male,Prince Edward
216,Courtenay Connochie,57,Female,Uppsala
217,Rosie Sturges,46,Female,Al Wardānīn
218,Marla Dornan,48,Female,Xichang
219,Alta Francomb,52,Male,Patitírion
220,Hastie Odam,38,Male,Tuojiang
221,Siobhan Lightwing,26,Other,Osby
222,Kare Kloser,18,Other,Paagahan
223,Aveline Carnew,26,Male,Kampen (Overijssel)
224,Berkie Lester,26,Other,Qijiang
225,Nealson Lydden,58,Other,Wao
226,Beret Iveans,35,Female,Kangani
227,Roddy Billyeald,29,Female,Shchūchīnsk
228,Ammamaria Gyde,18,Male,Uijeongbu-si
229,Wilmette Comelini,38,Other,Penhold
230,Elisabeth Robiou,51,Female,Chadian
231,Fields Cosgrave,49,Female,Las Vegas
232,Dixie Colebourne,43,Other,Tororo
233,Dorelia Zink,29,Other,Kraskino
234,Martita Hacket,26,Other,Jiangfeng
235,Balduin Painten,63,Male,Havana
236,Carilyn Dacre,60,Male,Aanislag
237,Millie Paike,24,Female,Guaitarilla
238,Yard Fretwell,41,Other,Куклиш
239,Tommy McCluskey,54,Male,Jieshou
240,Westleigh Ferreira,44,Male,Shangjia
241,Davidde Rumsby,31,Female,Pedro Leopoldo
242,Clem Waliszek,43,Male,Omoa
243,Rebecca Bunson,41,Other,Biaoshan
244,Correy Dilrew,64,Female,Pescadería
245,Cly Perri,29,Female,Smiltene
246,Merola Hyman,22,Other,Puerto Santander
247,Philis Heminsley,44,Male,Tieremu
248,Noelyn Lennarde,24,Male,Kiraman
249,Casandra Cannan,48,Other,Tongli
250,Greta Slogrove,30,Female,Zongga
251,Yetta Pitrelli,40,Other,Mabugang
252,Chic Blackaller,47,Female,Pandi
253,Lona Gosz,47,Male,Thạnh Mỹ
254,Bud Wayland,47,Male,Beirut
255,Lurlene Cocklin,42,Female,Vitim
256,Welby Medforth,52,Male,Qiaogu
257,Inna Bradnick,44,Other,Ōbu
258,Tandie McLane,26,Other,Achada
259,Lezlie Wadman,58,Male,Kipen’
260,Joelle Rouchy,33,Female,Ebene
261,Itch Woodington,36,Female,Manggissari
262,Peterus Landall,46,Male,Nanxing
263,Marjory Light,33,Male,Gaoxing
264,Kristien Peacey,45,Other,Capayán
265,Goober Ranyelld,50,Other,Bochov
266,Gan Cleare,44,Other,Río Blanquito
267,Avrom Spelwood,27,Other,Lyubotyn
268,Nil Josum,28,Female,Descalvado
269,Megan MacKeller,60,Female,Fort Wayne
270,Harlene Stodd,47,Male,Saurimo
271,Dorie Towne,57,Other,Lille
272,Yovonnda Seint,30,Male,Ozerki
273,Manfred Gascoine,54,Other,Jedung
274,Inglebert Izakof,61,Female,Tuanchengshan
275,Fabe Hoxey,46,Female,Dingcheng
276,Mitch Skelington,43,Male,Ţahţā
277,Madelin Steadman,41,Male,Barão de Cocais
278,Catarina Sturgeon,23,Female,Maurole
279,Merlina Dunnion,44,Male,Ciudad Choluteca
280,Hartwell Neising,54,Female,Wąbrzeźno
281,Shannah Blake,34,Male,Ferdinandovac
282,Saw Ratcliffe,27,Male,Huashan
283,Aloin Phette,40,Male,Kladno
284,Emelita Iannello,45,Female,Jinglou
285,Fedora Galvan,24,Other,Verenchanka
286,Berk Annett,56,Male,Wintzenheim
287,Alasdair Goneau,54,Male,Lis
288,Rayshell Kohlert,64,Female,Fort Pierce
289,Maitilde Edison,49,Other,Mogwase
290,Marthe Paulich,65,Other,Liuxiang
291,Jeralee Tripett,58,Other,Pamotan
292,Toddy McGairl,33,Female,Siilinjärvi
293,Tracee Ducarne,26,Female,Qiqian
294,Brooks Ubank,39,Other,Raciąż
295,Parker Bartolomeazzi,48,Other,Abakan
296,Zolly McDirmid,56,Other,Arlington
297,Waneta Immer,33,Male,Kampong Cham
298,Patti Brockie,61,Female,Shuikou
299,Montgomery Tattersill,53,Other,Kuantan
300,Tremayne Wellard,24,Other,Mbanga
301,Daryn Rankin,56,Male,Pisan
302,Brucie Estabrook,32,Other,Atyrá
303,Louisa Comiskey,56,Other,Yuhe
304,Barbe Geard,30,Male,Kissidougou
305,Lonni Dulake,63,Female,Jengglungharjo
306,Lory Vertey,42,Female,Sidaharja
307,Adaline Thorouggood,44,Other,Luhačovice
308,Tyler Surgenor,27,Female,Stronie
309,Jere Radley,27,Other,Drohobych
310,Dimitri Brighty,44,Female,Rialma
311,Yehudit Alyoshin,50,Other,Poissy
312,Lyndsay Hubbocks,27,Female,Moholm
313,Hendrika Berford,56,Male,Perovo
314,Michal Mollison,21,Male,Minneapolis
315,Audie Rottgers,62,Female,Zblewo
316,Devin Willatt,42,Other,Vicuña Mackenna
317,Mycah Leggett,55,Male,Santiago
318,Reid Coulton,65,Male,Nagaoka
319,Milka Pawfoot,26,Female,Soutelo
320,Torey Pauluzzi,60,Other,Passos
321,Gael Idle,46,Male,Iwkowa
322,Aileen Thomelin,61,Male,Yanjiang
323,Barnabas Freschini,30,Female,Blois
324,Cyrus Johann,31,Female,Wuyang
325,Dallis Riddock,56,Male,Bassa
326,Hernando Banane,62,Male,Zhongshi
327,Merla Oakwood,43,Female,Panyarang
328,Zondra Pea,64,Male,Maicao
329,Rhodia Howsan,59,Other,Sim
330,Junette Pomeroy,41,Female,Xiaopingba
331,Hinze Challin,31,Female,Penelas
332,Melita Ivanin,50,Male,Arboleda
333,Eirena Sperry,54,Female,Planaltina
334,Onida Ibbott,37,Female,Markala
335,Itch Tasch,53,Male,Lápas
336,Gauthier Ambroisin,23,Female,Turt
337,Conni Beyne,42,Male,Ljungby
338,Murial Avrahamov,38,Other,Palumbungan
339,Crichton Tamburi,40,Male,Nagano-shi
340,Patrica Niess,31,Other,Ami
341,Chrisse Clinton,45,Female,Gustavia
342,Quintus Bonehill,26,Female,Kaabong
343,Emelda Banasevich,36,Other,Gamagōri
344,Elfreda How,42,Female,Meipu
345,Jolyn Oldland,19,Female,Perth
346,Debi Standrin,45,Other,Krasnoshchekovo
347,Suzy Kelso,41,Other,Padangsidempuan
348,Merna Althorpe,30,Male,Yuzawa
349,Bartolomeo Tether,37,Other,Agoo
350,Adelice Camellini,44,Female,Lentisqueira
351,Rosina Ramard,60,Female,Xinqiao
352,Marcos Stares,30,Male,Nowe Skalmierzyce
353,Kevin Joesbury,38,Female,Kanada
354,Emmie Banthorpe,31,Male,Gopaan
355,Cherilynn Traut,54,Male,Cimaragas
356,Abbott La Croce,64,Other,Cáceres
357,Bronnie Pitkins,46,Female,Manggu
358,Lia Scotford,58,Other,Nakhon Chai Si
359,Durand Rosenfrucht,63,Female,Dalong
360,Lyndsie McGrady,20,Other,Rzeszów
361,Gayle Bestar,19,Female,Krasyliv
362,Rinaldo Barnaby,40,Male,Alfenas
363,Gracie Dennerly,24,Female,Haguimit
364,Robinet Pollins,48,Male,Taraš
365,Guenevere Johncey,21,Male,Xinjiebu
366,Nanci Glabach,25,Other,Baiyang
367,Harri Bishell,43,Female,Vyatskiye Polyany
368,Euphemia McIlwrath,58,Other,Chouto
369,Codie Blachford,28,Other,Kungur
370,Ardelle Loomis,19,Female,New Bedford
371,Kristina Whitehurst,36,Female,New Bedford
372,Scotti Roman,61,Male,Tigpalay
373,Brana Reichelt,52,Other,Fryčovice
374,Tiebout Gloucester,34,Other,Shazi
375,Augustina MacKniely,36,Male,Otaslavice
376,Mable Cholerton,49,Female,Beit Horon
377,Heath Miner,42,Other,Lešná
378,Thaddus McConway,29,Female,Carpalho
379,Leonora Marzello,47,Female,Huanglong
380,Karleen Long,23,Other,Itanhandu
381,Elisabet Brideoke,40,Male,Raga
382,Kacie Scotting,39,Female,Villanova
383,Abbey Wrightam,19,Other,Tangga’an
384,Terrye McVaugh,23,Other,Geidam
385,Evangelin Langan,22,Male,Shiyun
386,Kermie Radband,65,Male,Wangcao
387,Libby Redmond,57,Other,Corail
388,Billie Fitchett,57,Female,Baimi
389,Vail Risdall,28,Male,Youhao
390,Kellina Jahnig,21,Female,Minneapolis
391,Lara MacAlpyne,56,Other,Maunuri
392,Bellina Scoines,47,Other,Huya
393,Ameline Sawtell,20,Male,Daqian
394,Perry Simony,31,Male,Carregueira
395,Angel Tomaszkiewicz,62,Other,São Gonçalo do Amarante
396,Elvira Howkins,40,Female,Lhasa
397,Addie Tarbath,48,Other,Sirghāyā
398,Wayland Gartell,23,Female,Saidpur
399,Erskine Lampert,31,Female,Buarcos
400,Barrett Mogenot,20,Female,Beidong
401,Mark Sandever,59,Male,Hisings Kärra
402,Niko Quidenham,59,Male,Vale da Bajouca
403,Barde Dubose,55,Male,Tebon
404,Korney Arndtsen,26,Female,Haarlem
405,Jodi Clowser,24,Female,Moriki
406,Sibeal Helversen,42,Male,Buzhakan
407,Jolene Thirlwell,53,Female,Hoboksar
408,Cathyleen Perago,38,Female,San Juan del Cesar
409,Cary Yekel,58,Female,Tessaoua
410,Sarge Ivermee,46,Female,Gozdowo
411,Audre Kingscote,49,Other,Marco
412,Grethel Delap,47,Other,Bunia
413,Katine Reside,61,Other,Tanabi
414,Jeni Tulley,33,Female,Biancheng
415,Grange Iacopetti,30,Male,Wuhu
416,Daren Horlick,27,Female,Dubrovka
417,Ody Rassmann,58,Female,Bagacay
418,Sarina Lightman,47,Other,Tempuran
419,Cally Wogdon,52,Male,Ras al-Khaimah
420,Ezequiel Goodger,62,Female,Liwan
421,Hailee Eginton,53,Male,Wangzuo
422,Maible Cookman,54,Female,Omu Aran
423,Tory Baradel,46,Male,Linda Vista
424,Loralie Burgen,58,Other,Pamatang
425,Saba Lytlle,41,Female,Marang
426,Joan Sweynson,64,Other,Baimangpu
427,Baillie Yurchishin,59,Other,Kuala Lumpur
428,Randi Laverenz,43,Female,Zhentou
429,Mick Bilam,50,Other,Banjar Wates Tengah
430,Carol-jean Van der Mark,40,Male,Wuning
431,Burnard Sentinella,55,Other,Retiro
432,Vivian Akred,61,Other,Mendes
433,Ted Woolmer,26,Other,El Porvenir
434,Darrel Wittman,47,Other,Aginskoye
435,Maressa Brookfield,55,Other,Ardabīl
436,Marylee Martill,46,Female,Gandapura
437,Thomasine Mochan,19,Female,Lakhdenpokh’ya
438,Berry Harmer,37,Other,Horad Rechytsa
439,Packston Deverose,34,Male,Ḩawf
440,Gerrie Everard,46,Female,Nesterovskaya
441,Isidro Visco,55,Other,Tufang
442,Even Bergstrand,59,Male,Juhut
443,Sharona Markson,18,Other,Mandalasari
444,Claude Slatter,50,Female,Saltpond
445,Kathy McQuaker,40,Female,Guayatá
446,April Trice,39,Female,Lagkadás
447,Jamil Americi,50,Female,Grabica
448,Ignace Gage,32,Male,Xixia
449,Terencio Ettridge,41,Other,Neietsu
450,Braden Baddoe,19,Other,Quintã
451,Augustus Sarch,39,Male,San Antonio
452,Emmett Trood,29,Other,Cibunut
453,Sterne Briscoe,32,Male,Stockholm
454,Orsola Ramstead,31,Other,Alejal
455,Georges Stubs,61,Female,Nanjiao
456,Daffy Bruhnsen,61,Female,Nałęczów
457,Herby Boggis,28,Female,Fatubia
458,Gerda Gallard,49,Other,Nanqi
459,Nathanael Littlefield,49,Other,Sundsvall
460,Sherilyn Cote,53,Male,Dzhankoy
461,Ginevra Parrott,57,Male,Lalībela
462,Eddy Hogbin,50,Other,Dajing
463,Cloe Nolleau,25,Male,Linköping
464,Tomasina Gagin,28,Male,Maogou
465,Viviana Myrick,40,Female,Ōita
466,Nariko O'Loughane,57,Other,Huangbei
467,Herc Allwood,56,Female,Luzern
468,Clemens Tapsell,34,Female,Pingzhuang
469,Guillemette Kemitt,55,Female,Xiaojian
470,Weylin Troughton,51,Other,Tanakbeak Daye
471,Sashenka Cescot,47,Male,Malangabang
472,Frederic Vondrach,57,Other,Karabas
473,Thelma Scutter,32,Female,Klippan
474,Kali Brokenshaw,36,Female,Kolyubakino
475,Agata Zouch,41,Female,Berlin
476,Giraud Lorait,22,Other,Ciputih
477,Dyanne Morrell,49,Other,Qinshan
478,Leshia Johl,48,Male,Satovcha
479,Tybie Golt,49,Other,San Pedro
480,Eduino McGrudder,61,Other,Xiangfu
481,Julita Keniwell,43,Male,Kamina
482,Sigrid Baldocci,55,Female,Marcabamba
483,Vikki Rivilis,41,Male,Alcalá
484,Alfie Risley,49,Male,Kaliuling
485,Rickard Guilloud,65,Male,Raychikhinsk
486,Bryn Banbridge,36,Female,Lonpao Dajah
487,Norton Buxam,45,Other,Longtanping
488,Chip Tiron,19,Male,San Antonio
489,Costa Brauner,45,Other,Orong
490,Andromache Lowerson,19,Male,Kazinka
491,Norene Piel,46,Male,Črenšovci
492,Prisca Wilcox,45,Other,Bayramaly
493,Kelvin Searl,38,Other,Uppsala
494,Lanny Deelay,60,Male,Zakroczym
495,Wyn Kydd,63,Male,Girona
496,Portie Freathy,23,Male,Osek nad Bečvou
497,Ricky Ausiello,48,Female,Capellanía
498,Brendon McMeekin,46,Male,Manorhamilton
499,Teriann Lauritsen,29,Female,Dasht-e Lati
500,Aurore Tallent,38,Other,Khanu Woralaksaburi
